Pair	PipPosition	Bid	Ask
EURUSD	4	1.57671	1.576912
USDJPY	2	81.458	0
GBPUSD	4	1.61537	0
USDCHF	4	0.88204	0
EURCHF	4	1.23578	0
AUDUSD	4	1.05417	0
USDCAD	4	0.97856	0
NZDUSD	4	0.78742	0